freight_fact_sk,date_sk,baltic_dry_index,container_rate_usd_40ft,rolling_6m_container,container_yoy_pct,air_cargo_rate_usd_kg,bdi_mom_change_pct,market_stress_level,supply_chain_pressure_index,tanker_rate_aframax_usd_day,bulk_carrier_handysize_usd_day,on_time_delivery_pct,is_baseline_year,load_timestamp
1,20000101,1239,1630,,,3.4,,Stable,0.5,32524,4195,0.93,1,Sat May 16 20:32:36 EET 2026
2,20000201,1210,1810,,,3.0,-2.34,Stable,0.7,32035,15111,0.946,1,Sat May 16 20:32:36 EET 2026
3,20000301,1286,1660,,,3.31,6.28,Stable,0.69,17328,15513,0.923,1,Sat May 16 20:32:36 EET 2026
4,20000401,1216,2050,,,3.18,-5.44,Stable,0.85,21573,10591,0.926,1,Sat May 16 20:32:36 EET 2026
5,20000501,1316,1900,,,3.82,8.22,Stable,0.62,21748,9951,0.934,1,Sat May 16 20:32:36 EET 2026
6,20000601,1391,1800,1808.3333333333333,,3.02,5.7,Stable,0.86,18404,14602,0.935,1,Sat May 16 20:32:36 EET 2026
7,20000701,1265,1870,1848.3333333333333,,3.26,-9.06,Stable,0.77,26749,15485,0.936,1,Sat May 16 20:32:36 EET 2026
8,20000801,1339,1890,1861.6666666666667,,3.4,5.85,Stable,0.65,13342,10721,0.909,1,Sat May 16 20:32:36 EET 2026
9,20000901,1328,2130,1940.0,,3.02,-0.82,Stable,0.69,32746,5268,0.921,1,Sat May 16 20:32:36 EET 2026
10,20001001,1416,1980,1928.3333333333333,,3.45,6.63,Stable,0.95,22210,10150,0.917,1,Sat May 16 20:32:36 EET 2026
11,20001101,1281,1650,1886.6666666666667,,3.02,-9.53,Stable,0.81,28977,12569,0.918,1,Sat May 16 20:32:36 EET 2026
12,20001201,1413,1970,1915.0,,3.17,10.3,Stable,0.68,28654,9352,0.913,1,Sat May 16 20:32:36 EET 2026
13,20010101,1319,1950,1928.3333333333333,19.63,3.13,-6.65,Stable,0.82,25099,13922,0.934,0,Sat May 16 20:32:36 EET 2026
14,20010201,1425,1780,1910.0,-1.66,3.24,8.04,Stable,0.5,11501,6211,0.904,0,Sat May 16 20:32:36 EET 2026
15,20010301,1485,1700,1838.3333333333333,2.41,3.17,4.21,Stable,0.86,35393,10574,0.907,0,Sat May 16 20:32:36 EET 2026
16,20010401,1449,1700,1791.6666666666667,-17.07,3.18,-2.42,Stable,0.8,31722,5090,0.931,0,Sat May 16 20:32:36 EET 2026
17,20010501,1431,1620,1786.6666666666667,-14.74,3.29,-1.24,Stable,0.71,20764,12930,0.96,0,Sat May 16 20:32:36 EET 2026
18,20010601,1479,1690,1740.0,-6.11,3.32,3.35,Stable,0.89,26759,17436,0.933,0,Sat May 16 20:32:36 EET 2026
19,20010701,1656,1670,1693.3333333333333,-10.7,3.12,11.97,Stable,0.5,17587,10440,0.939,0,Sat May 16 20:32:36 EET 2026
20,20010801,1513,1630,1668.3333333333333,-13.76,3.03,-8.64,Stable,1.09,27508,15352,0.98,0,Sat May 16 20:32:36 EET 2026
21,20010901,1589,1710,1670.0,-19.72,2.77,5.02,Stable,0.61,27141,8748,0.914,0,Sat May 16 20:32:36 EET 2026
22,20011001,1553,2100,1736.6666666666667,6.06,3.33,-2.27,Stable,0.5,23730,7857,0.908,0,Sat May 16 20:32:36 EET 2026
23,20011101,1578,2260,1843.3333333333333,36.97,3.33,1.61,Stable,0.59,32861,10002,0.895,0,Sat May 16 20:32:36 EET 2026
24,20011201,1532,2350,1953.3333333333333,19.29,3.09,-2.92,Stable,1.01,31707,8388,0.921,0,Sat May 16 20:32:36 EET 2026
25,20020101,1602,1900,1991.6666666666667,-2.56,3.14,4.57,Stable,0.51,28568,10180,0.897,0,Sat May 16 20:32:36 EET 2026
26,20020201,1650,2230,2091.6666666666665,25.28,3.35,3.0,Stable,1.1,24050,13143,0.92,0,Sat May 16 20:32:36 EET 2026
27,20020301,1610,2140,2163.3333333333335,25.88,3.43,-2.42,Stable,0.58,37286,12732,0.89,0,Sat May 16 20:32:36 EET 2026
28,20020401,1840,2280,2193.3333333333335,34.12,3.27,14.29,Stable,0.64,21934,17845,0.897,0,Sat May 16 20:32:36 EET 2026
29,20020501,1750,1850,2125.0,14.2,3.32,-4.89,Stable,1.06,23692,13350,0.925,0,Sat May 16 20:32:36 EET 2026
30,20020601,1767,1570,1995.0,-7.1,3.31,0.97,Stable,0.56,18254,7124,0.922,0,Sat May 16 20:32:36 EET 2026
31,20020701,1814,1690,1960.0,1.2,3.34,2.66,Stable,0.96,21126,10689,0.937,0,Sat May 16 20:32:36 EET 2026
32,20020801,1878,1900,1905.0,16.56,3.15,3.53,Stable,0.82,23209,12969,0.9,0,Sat May 16 20:32:36 EET 2026
33,20020901,1760,1980,1878.3333333333333,15.79,4.08,-6.28,Stable,0.81,40014,8587,0.891,0,Sat May 16 20:32:36 EET 2026
34,20021001,1705,2000,1831.6666666666667,-4.76,3.68,-3.12,Stable,0.5,19167,9383,0.917,0,Sat May 16 20:32:36 EET 2026
35,20021101,1673,1850,1831.6666666666667,-18.14,3.12,-1.88,Stable,0.5,24245,4969,0.966,0,Sat May 16 20:32:36 EET 2026
36,20021201,1111,1750,1861.6666666666667,-25.53,3.88,-33.59,Stable,0.66,48240,7313,0.932,0,Sat May 16 20:32:36 EET 2026
37,20030101,1461,1770,1875.0,-6.84,3.29,31.5,Stable,0.66,31218,13739,0.922,0,Sat May 16 20:32:36 EET 2026
38,20030201,1320,1910,1876.6666666666667,-14.35,3.29,-9.65,Stable,0.83,26857,9778,0.942,0,Sat May 16 20:32:36 EET 2026
39,20030301,1565,2030,1885.0,-5.14,3.38,18.56,Stable,0.86,25000,9113,0.917,0,Sat May 16 20:32:36 EET 2026
40,20030401,1890,2300,1935.0,0.88,3.47,20.77,Stable,1.12,18895,7550,0.919,0,Sat May 16 20:32:36 EET 2026
41,20030501,1835,1660,1903.3333333333333,-10.27,3.63,-2.91,Stable,0.69,28635,7558,0.932,0,Sat May 16 20:32:36 EET 2026
42,20030601,1906,1920,1931.6666666666667,22.29,3.35,3.87,Stable,1.1,22984,12610,0.87,0,Sat May 16 20:32:36 EET 2026
43,20030701,1988,2010,1971.6666666666667,18.93,3.46,4.3,Stable,0.91,22024,4973,0.954,0,Sat May 16 20:32:36 EET 2026
44,20030801,1946,2160,2013.3333333333333,13.68,3.3,-2.11,Stable,0.78,24509,7788,0.943,0,Sat May 16 20:32:36 EET 2026
45,20030901,2330,2360,2068.3333333333335,19.19,3.72,19.73,Stable,1.05,28512,18975,0.929,0,Sat May 16 20:32:36 EET 2026
46,20031001,2325,2000,2018.3333333333333,0.0,3.21,-0.21,Stable,1.02,32916,7286,0.916,0,Sat May 16 20:32:36 EET 2026
47,20031101,2664,2150,2100.0,16.22,3.93,14.58,Stable,0.97,30846,5711,0.894,0,Sat May 16 20:32:36 EET 2026
48,20031201,2520,2330,2168.3333333333335,33.14,3.58,-5.41,Stable,0.97,19408,7945,0.889,0,Sat May 16 20:32:36 EET 2026
49,20040101,2609,2070,2178.3333333333335,16.95,3.73,3.53,Stable,1.01,29870,3000,0.92,0,Sat May 16 20:32:36 EET 2026
50,20040201,2905,2360,2211.6666666666665,23.56,2.89,11.35,Stable,0.64,20271,14363,0.942,0,Sat May 16 20:32:36 EET 2026
51,20040301,3016,2190,2183.3333333333335,7.88,3.26,3.82,Stable,1.02,31510,16273,0.921,0,Sat May 16 20:32:36 EET 2026
52,20040401,3117,1850,2158.3333333333335,-19.57,3.38,3.35,Stable,1.14,23779,13533,0.902,0,Sat May 16 20:32:36 EET 2026
53,20040501,3160,2340,2190.0,40.96,3.22,1.38,Stable,1.18,18421,12809,0.913,0,Sat May 16 20:32:36 EET 2026
54,20040601,3574,2210,2170.0,15.1,3.66,13.1,Stable,1.03,29432,21310,0.876,0,Sat May 16 20:32:36 EET 2026
55,20040701,3762,1940,2148.3333333333335,-3.48,3.46,5.26,Stable,0.78,35476,5590,0.889,0,Sat May 16 20:32:36 EET 2026
56,20040801,3369,2120,2108.3333333333335,-1.85,3.58,-10.45,Stable,0.56,27210,6348,0.919,0,Sat May 16 20:32:36 EET 2026
57,20040901,3548,2130,2098.3333333333335,-9.75,3.64,5.31,Stable,1.1,26105,15040,0.928,0,Sat May 16 20:32:36 EET 2026
58,20041001,3611,2010,2125.0,0.5,3.5,1.78,Stable,1.13,31564,10425,0.915,0,Sat May 16 20:32:36 EET 2026
59,20041101,3856,2220,2105.0,3.26,2.94,6.78,Stable,0.58,14628,6071,0.902,0,Sat May 16 20:32:36 EET 2026
60,20041201,4184,1990,2068.3333333333335,-14.59,3.51,8.51,Stable,1.08,33713,17310,0.947,0,Sat May 16 20:32:36 EET 2026
61,20050101,4139,1890,2060.0,-8.7,3.29,-1.08,Stable,0.98,13155,8447,0.938,0,Sat May 16 20:32:36 EET 2026
62,20050201,4694,1790,2005.0,-24.15,3.57,13.41,Stable,1.09,16675,13898,0.888,0,Sat May 16 20:32:36 EET 2026
63,20050301,4599,1940,1973.3333333333333,-11.42,3.32,-2.02,Stressed,1.2,16441,9382,0.917,0,Sat May 16 20:32:36 EET 2026
64,20050401,4556,2140,1995.0,15.68,3.85,-0.93,Stressed,1.4,22257,6092,0.911,0,Sat May 16 20:32:36 EET 2026
65,20050501,4900,2150,1983.3333333333333,-8.12,3.43,7.55,Stressed,1.6,27790,19804,0.918,0,Sat May 16 20:32:36 EET 2026
66,20050601,4745,2310,2036.6666666666667,4.52,3.25,-3.16,Stressed,1.25,27664,11896,0.897,0,Sat May 16 20:32:36 EET 2026
67,20050701,4379,1690,2003.3333333333333,-12.89,3.18,-7.71,Stressed,1.42,21330,10827,0.948,0,Sat May 16 20:32:36 EET 2026
68,20050801,4657,2160,2065.0,1.89,3.37,6.35,Stressed,1.28,22725,12741,0.91,0,Sat May 16 20:32:36 EET 2026
69,20050901,5383,1860,2051.6666666666665,-12.68,3.49,15.59,Stressed,1.49,45781,12892,0.925,0,Sat May 16 20:32:36 EET 2026
70,20051001,5350,2080,2041.6666666666667,3.48,3.44,-0.61,Stable,1.06,18764,13721,0.932,0,Sat May 16 20:32:36 EET 2026
71,20051101,5639,2170,2045.0,-2.25,3.42,5.4,Stressed,1.46,28631,10765,0.88,0,Sat May 16 20:32:36 EET 2026
72,20051201,5292,1720,1946.6666666666667,-13.57,3.11,-6.15,Stable,0.99,35910,15580,0.896,0,Sat May 16 20:32:36 EET 2026
73,20060101,4618,1990,1996.6666666666667,5.29,4.25,-12.74,Stressed,1.29,28479,9761,0.889,0,Sat May 16 20:32:36 EET 2026
74,20060201,5534,2130,1991.6666666666667,18.99,3.48,19.84,Stressed,1.39,31326,13378,0.904,0,Sat May 16 20:32:36 EET 2026
75,20060301,6068,2490,2096.6666666666665,28.35,3.25,9.65,Stressed,1.32,17898,17343,0.938,0,Sat May 16 20:32:36 EET 2026
76,20060401,5713,2450,2158.3333333333335,14.49,3.55,-5.85,Stressed,1.27,27065,18258,0.892,0,Sat May 16 20:32:36 EET 2026
77,20060501,5824,2220,2166.6666666666665,3.26,3.11,1.94,Stressed,1.51,30099,9844,0.868,0,Sat May 16 20:32:36 EET 2026
78,20060601,5819,1800,2180.0,-22.08,3.3,-0.09,Stable,1.17,26981,11283,0.921,0,Sat May 16 20:32:36 EET 2026
79,20060701,6293,1920,2168.3333333333335,13.61,3.73,8.15,Stressed,1.44,30301,13540,0.927,0,Sat May 16 20:32:36 EET 2026
80,20060801,7156,2110,2165.0,-2.31,3.45,13.71,Stable,1.19,18971,7870,0.9,0,Sat May 16 20:32:36 EET 2026
81,20060901,6423,2210,2118.3333333333335,18.82,3.55,-10.24,Stressed,1.53,18875,15600,0.913,0,Sat May 16 20:32:36 EET 2026
82,20061001,6314,2260,2086.6666666666665,8.65,3.6,-1.7,Stressed,1.43,13414,11728,0.897,0,Sat May 16 20:32:36 EET 2026
83,20061101,6760,1860,2026.6666666666667,-14.29,3.95,7.06,Stressed,1.46,34983,10989,0.875,0,Sat May 16 20:32:36 EET 2026
84,20061201,6344,2090,2075.0,21.51,3.26,-6.15,Stable,1.09,30715,19989,0.901,0,Sat May 16 20:32:36 EET 2026
85,20070101,7015,2530,2176.6666666666665,27.14,3.22,10.58,Stable,1.14,26992,19285,0.884,0,Sat May 16 20:32:36 EET 2026
86,20070201,6857,2050,2166.6666666666665,-3.76,3.8,-2.25,Stressed,1.52,26933,4900,0.907,0,Sat May 16 20:32:36 EET 2026
87,20070301,7718,2030,2136.6666666666665,-18.47,3.39,12.56,Stressed,1.57,29329,15051,0.886,0,Sat May 16 20:32:36 EET 2026
88,20070401,7505,1950,2085.0,-20.41,3.63,-2.76,Stressed,1.3,13610,13785,0.895,0,Sat May 16 20:32:36 EET 2026
89,20070501,7706,2220,2145.0,0.0,3.4,2.68,Stressed,1.52,36609,10237,0.921,0,Sat May 16 20:32:36 EET 2026
90,20070601,7226,2280,2176.6666666666665,26.67,3.43,-6.23,Stressed,1.26,21706,17450,0.866,0,Sat May 16 20:32:36 EET 2026
91,20070701,8390,2810,2223.3333333333335,46.35,3.46,16.11,Stressed,1.63,9505,10758,0.9,0,Sat May 16 20:32:36 EET 2026
92,20070801,7234,2310,2266.6666666666665,9.48,3.74,-13.78,Stressed,1.91,13044,14796,0.917,0,Sat May 16 20:32:36 EET 2026
93,20070901,7693,2160,2288.3333333333335,-2.26,3.77,6.35,Stressed,1.45,11154,12657,0.954,0,Sat May 16 20:32:36 EET 2026
94,20071001,7884,2590,2395.0,14.6,3.29,2.48,Stressed,1.41,29698,13277,0.912,0,Sat May 16 20:32:36 EET 2026
95,20071101,8693,2130,2380.0,14.52,3.14,10.26,Stressed,1.51,24859,8390,0.916,0,Sat May 16 20:32:36 EET 2026
96,20071201,9930,1870,2311.6666666666665,-10.53,3.74,14.23,Stressed,1.88,20818,3000,0.928,0,Sat May 16 20:32:36 EET 2026
97,20080101,6948,1930,2165.0,-23.72,3.85,-30.03,Stressed,1.5,27794,21530,0.929,0,Sat May 16 20:32:36 EET 2026
98,20080201,4733,2400,2180.0,17.07,3.79,-31.88,Stable,1.15,35013,9914,0.902,0,Sat May 16 20:32:36 EET 2026
99,20080301,3305,2570,2248.3333333333335,26.6,3.48,-30.17,Stable,1.04,21601,13256,0.928,0,Sat May 16 20:32:36 EET 2026
100,20080401,1815,2040,2156.6666666666665,4.62,3.4,-45.08,Stable,0.64,8000,8145,0.915,0,Sat May 16 20:32:36 EET 2026
101,20080501,1464,2170,2163.3333333333335,-2.25,3.33,-19.34,Stable,0.61,24544,16196,0.898,0,Sat May 16 20:32:36 EET 2026
102,20080601,934,2180,2215.0,-4.39,3.82,-36.2,Stable,0.58,24890,14806,0.916,0,Sat May 16 20:32:36 EET 2026
103,20080701,588,1970,2221.6666666666665,-29.89,3.2,-37.04,Stable,0.5,30485,10596,0.919,0,Sat May 16 20:32:36 EET 2026
104,20080801,420,1780,2118.3333333333335,-22.94,3.22,-28.57,Stable,0.67,17616,17844,0.94,0,Sat May 16 20:32:36 EET 2026
105,20080901,300,2000,2023.3333333333333,-7.41,3.77,-28.57,Stable,0.64,25466,14194,0.926,0,Sat May 16 20:32:36 EET 2026
106,20081001,300,2420,2086.6666666666665,-6.56,3.88,0.0,Stable,0.96,12041,3010,0.935,0,Sat May 16 20:32:36 EET 2026
107,20081101,300,1860,2035.0,-12.68,3.67,0.0,Stable,0.75,32446,19190,0.915,0,Sat May 16 20:32:36 EET 2026
108,20081201,2370,2250,2046.6666666666667,20.32,3.56,690.0,Stressed,1.29,16879,20195,0.938,0,Sat May 16 20:32:36 EET 2026
109,20090101,2350,2460,2128.3333333333335,27.46,3.85,-0.84,Stable,1.12,28540,16998,0.926,0,Sat May 16 20:32:36 EET 2026
110,20090201,2563,2340,2221.6666666666665,-2.5,3.17,9.06,Stable,0.68,25668,9775,0.947,0,Sat May 16 20:32:36 EET 2026
111,20090301,2718,2590,2320.0,0.78,3.74,6.05,Stable,1.09,35805,12048,0.886,0,Sat May 16 20:32:36 EET 2026
112,20090401,2492,2280,2296.6666666666665,11.76,3.3,-8.31,Stressed,1.29,24590,11681,0.932,0,Sat May 16 20:32:36 EET 2026
113,20090501,2418,2330,2375.0,7.37,3.68,-2.97,Stable,0.93,23376,7670,0.899,0,Sat May 16 20:32:36 EET 2026
114,20090601,2227,2390,2398.3333333333335,9.63,3.79,-7.9,Stable,1.16,10706,11509,0.933,0,Sat May 16 20:32:36 EET 2026
115,20090701,2535,2290,2370.0,16.24,3.44,13.83,Stable,1.03,16330,13378,0.94,0,Sat May 16 20:32:36 EET 2026
116,20090801,2528,2250,2355.0,26.4,3.33,-0.28,Stable,0.89,22447,12868,0.903,0,Sat May 16 20:32:36 EET 2026
117,20090901,2386,2180,2286.6666666666665,9.0,3.51,-5.62,Stable,0.97,27491,10392,0.922,0,Sat May 16 20:32:36 EET 2026
118,20091001,2179,2180,2270.0,-9.92,4.14,-8.68,Stable,0.58,15703,3533,0.917,0,Sat May 16 20:32:36 EET 2026
119,20091101,2321,2270,2260.0,22.04,4.07,6.52,Stressed,1.29,8000,13583,0.892,0,Sat May 16 20:32:36 EET 2026
120,20091201,2248,2130,2216.6666666666665,-5.33,3.44,-3.15,Stressed,1.26,22389,17709,0.911,0,Sat May 16 20:32:36 EET 2026
121,20100101,2560,2310,2220.0,-6.1,4.26,13.88,Stable,1.1,24253,12524,0.977,0,Sat May 16 20:32:36 EET 2026
122,20100201,2385,2150,2203.3333333333335,-8.12,4.01,-6.84,Stable,1.14,22105,10040,0.918,0,Sat May 16 20:32:36 EET 2026
123,20100301,2288,2320,2226.6666666666665,-10.42,3.81,-4.07,Stable,1.09,28399,4252,0.894,0,Sat May 16 20:32:36 EET 2026
124,20100401,2048,2300,2246.6666666666665,0.88,3.74,-10.49,Stable,0.65,19451,15324,0.906,0,Sat May 16 20:32:36 EET 2026
125,20100501,2140,2310,2253.3333333333335,-0.86,3.8,4.49,Stable,0.95,16936,14897,0.876,0,Sat May 16 20:32:36 EET 2026
126,20100601,1956,2320,2285.0,-2.93,3.66,-8.6,Stable,0.95,24172,11888,0.933,0,Sat May 16 20:32:36 EET 2026
127,20100701,2043,2070,2245.0,-9.61,3.42,4.45,Stable,0.77,27311,16979,0.869,0,Sat May 16 20:32:36 EET 2026
128,20100801,1956,2150,2245.0,-4.44,3.57,-4.26,Stable,0.81,21732,12154,0.938,0,Sat May 16 20:32:36 EET 2026
129,20100901,2065,2140,2215.0,-1.83,3.88,5.57,Stable,0.93,12714,13558,0.914,0,Sat May 16 20:32:36 EET 2026
130,20101001,2347,2200,2198.3333333333335,0.92,4.41,13.66,Stable,1.01,23196,6891,0.894,0,Sat May 16 20:32:36 EET 2026
131,20101101,2023,2440,2220.0,7.49,3.92,-13.8,Stable,1.19,20022,15949,0.94,0,Sat May 16 20:32:36 EET 2026
132,20101201,2168,2690,2281.6666666666665,26.29,3.23,7.17,Stable,0.98,22456,8531,0.895,0,Sat May 16 20:32:36 EET 2026
133,20110101,2063,2840,2410.0,22.94,3.7,-4.84,Stable,1.03,28310,11070,0.903,0,Sat May 16 20:32:36 EET 2026
134,20110201,2123,2650,2493.3333333333335,23.26,4.29,2.91,Stable,0.8,27476,14358,0.905,0,Sat May 16 20:32:36 EET 2026
135,20110301,2169,2580,2566.6666666666665,11.21,3.83,2.17,Stressed,1.23,32091,13963,0.914,0,Sat May 16 20:32:36 EET 2026
136,20110401,1990,2450,2608.3333333333335,6.52,2.98,-8.25,Stable,0.53,28063,3000,0.92,0,Sat May 16 20:32:36 EET 2026
137,20110501,2075,2110,2553.3333333333335,-8.66,3.56,4.27,Stressed,1.33,35964,10063,0.918,0,Sat May 16 20:32:36 EET 2026
138,20110601,2050,2790,2570.0,20.26,3.81,-1.2,Stable,1.0,16981,11561,0.877,0,Sat May 16 20:32:36 EET 2026
139,20110701,1953,2210,2465.0,6.76,4.07,-4.73,Stable,0.9,25276,10868,0.92,0,Sat May 16 20:32:36 EET 2026
140,20110801,2041,2160,2383.3333333333335,0.47,3.48,4.51,Stable,0.59,33837,10350,0.926,0,Sat May 16 20:32:36 EET 2026
141,20110901,2005,2050,2295.0,-4.21,3.86,-1.76,Stable,1.01,30884,13497,0.891,0,Sat May 16 20:32:36 EET 2026
142,20111001,1972,2320,2273.3333333333335,5.45,3.65,-1.65,Stressed,1.27,31964,17917,0.94,0,Sat May 16 20:32:36 EET 2026
143,20111101,1904,2480,2335.0,1.64,4.04,-3.45,Stable,1.13,25969,12523,0.909,0,Sat May 16 20:32:36 EET 2026
144,20111201,1819,2300,2253.3333333333335,-14.5,4.0,-4.46,Stable,1.05,25023,13360,0.906,0,Sat May 16 20:32:36 EET 2026
145,20120101,1971,2500,2301.6666666666665,-11.97,3.45,8.36,Stable,0.59,36538,9997,0.889,0,Sat May 16 20:32:36 EET 2026
146,20120201,1756,2420,2345.0,-8.68,3.73,-10.91,Stable,0.98,22305,14478,0.918,0,Sat May 16 20:32:36 EET 2026
147,20120301,1896,2570,2431.6666666666665,-0.39,3.22,7.97,Stable,0.91,22084,3279,0.909,0,Sat May 16 20:32:36 EET 2026
148,20120401,1952,2720,2498.3333333333335,11.02,3.88,2.95,Stable,0.89,20997,13940,0.906,0,Sat May 16 20:32:36 EET 2026
149,20120501,1927,2290,2466.6666666666665,8.53,4.08,-1.28,Stable,1.13,30419,8180,0.928,0,Sat May 16 20:32:36 EET 2026
150,20120601,1811,2250,2458.3333333333335,-19.35,3.57,-6.02,Stable,0.68,20698,14170,0.924,0,Sat May 16 20:32:36 EET 2026
151,20120701,1655,2380,2438.3333333333335,7.69,3.86,-8.61,Stressed,1.2,44561,6490,0.915,0,Sat May 16 20:32:36 EET 2026
152,20120801,1811,2460,2445.0,13.89,3.97,9.43,Stable,0.85,23770,17816,0.933,0,Sat May 16 20:32:36 EET 2026
153,20120901,1684,2420,2420.0,18.05,3.52,-7.01,Stable,0.87,28640,17780,0.908,0,Sat May 16 20:32:36 EET 2026
154,20121001,1621,2390,2365.0,3.02,3.38,-3.74,Stable,1.12,17696,12907,0.968,0,Sat May 16 20:32:36 EET 2026
155,20121101,1657,2820,2453.3333333333335,13.71,3.92,2.22,Stable,0.99,23790,13730,0.906,0,Sat May 16 20:32:36 EET 2026
156,20121201,1464,2130,2433.3333333333335,-7.39,3.4,-11.65,Stable,0.68,30225,10893,0.918,0,Sat May 16 20:32:36 EET 2026
157,20130101,1547,2500,2453.3333333333335,0.0,3.66,5.67,Stable,0.99,34810,18316,0.929,0,Sat May 16 20:32:36 EET 2026
158,20130201,1562,2750,2501.6666666666665,13.64,4.05,0.97,Stable,0.75,29786,14078,0.919,0,Sat May 16 20:32:36 EET 2026
159,20130301,1314,2270,2476.6666666666665,-11.67,4.29,-15.88,Stable,0.83,31721,17949,0.891,0,Sat May 16 20:32:36 EET 2026
160,20130401,1380,2490,2493.3333333333335,-8.46,3.89,5.02,Stable,0.96,34069,10554,0.89,0,Sat May 16 20:32:36 EET 2026
161,20130501,1413,2470,2435.0,7.86,3.65,2.39,Stable,0.82,23113,11263,0.946,0,Sat May 16 20:32:36 EET 2026
162,20130601,1342,2420,2483.3333333333335,7.56,3.28,-5.02,Stable,0.69,17846,10947,0.939,0,Sat May 16 20:32:36 EET 2026
163,20130701,1312,2820,2536.6666666666665,18.49,3.9,-2.24,Stable,0.94,25297,11644,0.938,0,Sat May 16 20:32:36 EET 2026
164,20130801,1131,2030,2416.6666666666665,-17.48,3.72,-13.8,Stable,0.87,25116,14760,0.912,0,Sat May 16 20:32:36 EET 2026
165,20130901,1355,2760,2498.3333333333335,14.05,3.95,19.81,Stable,0.83,32701,13090,0.919,0,Sat May 16 20:32:36 EET 2026
166,20131001,1258,2490,2498.3333333333335,4.18,4.38,-7.16,Stable,0.68,8000,6329,0.903,0,Sat May 16 20:32:36 EET 2026
167,20131101,1206,2150,2445.0,-23.76,3.6,-4.13,Stable,1.15,18113,21829,0.909,0,Sat May 16 20:32:36 EET 2026
168,20131201,1174,2230,2413.3333333333335,4.69,3.35,-2.65,Stable,0.76,24064,8008,0.883,0,Sat May 16 20:32:36 EET 2026
169,20140101,1122,2540,2366.6666666666665,1.6,4.02,-4.43,Stable,1.05,28339,6718,0.893,0,Sat May 16 20:32:36 EET 2026
170,20140201,1195,2510,2446.6666666666665,-8.73,3.5,6.51,Stable,0.96,22470,13461,0.907,0,Sat May 16 20:32:36 EET 2026
171,20140301,1233,2780,2450.0,22.47,3.83,3.18,Stressed,1.31,31000,19735,0.88,0,Sat May 16 20:32:36 EET 2026
172,20140401,1041,2920,2521.6666666666665,17.27,3.6,-15.57,Stable,0.99,14419,10055,0.9,0,Sat May 16 20:32:36 EET 2026
173,20140501,1034,2360,2556.6666666666665,-4.45,3.7,-0.67,Stable,0.88,17963,21126,0.931,0,Sat May 16 20:32:36 EET 2026
174,20140601,1020,2480,2598.3333333333335,2.48,3.71,-1.35,Stable,0.5,8000,6487,0.865,0,Sat May 16 20:32:36 EET 2026
175,20140701,954,2890,2656.6666666666665,2.48,3.92,-6.47,Stable,1.07,35324,13643,0.884,0,Sat May 16 20:32:36 EET 2026
176,20140801,1032,2720,2691.6666666666665,33.99,3.76,8.18,Stable,0.77,29476,14264,0.883,0,Sat May 16 20:32:36 EET 2026
177,20140901,908,2560,2655.0,-7.25,4.04,-12.02,Stable,0.98,18659,12106,0.921,0,Sat May 16 20:32:36 EET 2026
178,20141001,1043,2890,2650.0,16.06,3.64,14.87,Stable,1.11,38468,9876,0.904,0,Sat May 16 20:32:36 EET 2026
179,20141101,902,2120,2610.0,-1.4,3.89,-13.52,Stable,1.08,12524,15869,0.902,0,Sat May 16 20:32:36 EET 2026
180,20141201,916,2370,2591.6666666666665,6.28,3.76,1.55,Stable,1.16,31195,11845,0.903,0,Sat May 16 20:32:36 EET 2026
181,20150101,929,2580,2540.0,1.57,4.21,1.42,Stable,0.86,21422,4720,0.892,0,Sat May 16 20:32:36 EET 2026
182,20150201,884,2730,2541.6666666666665,8.76,4.15,-4.84,Stable,0.82,37295,7118,0.913,0,Sat May 16 20:32:36 EET 2026
183,20150301,795,2570,2543.3333333333335,-7.55,3.78,-10.07,Stable,0.79,37960,5381,0.933,0,Sat May 16 20:32:36 EET 2026
184,20150401,702,2100,2411.6666666666665,-28.08,4.23,-11.7,Stable,0.51,25483,5200,0.918,0,Sat May 16 20:32:36 EET 2026
185,20150501,874,2790,2523.3333333333335,18.22,4.03,24.5,Stable,0.5,21487,4168,0.909,0,Sat May 16 20:32:36 EET 2026
186,20150601,789,2200,2495.0,-11.29,3.77,-9.73,Stable,0.78,15740,3255,0.874,0,Sat May 16 20:32:36 EET 2026
187,20150701,752,2780,2528.3333333333335,-3.81,3.9,-4.69,Stable,1.12,8000,3205,0.849,0,Sat May 16 20:32:36 EET 2026
188,20150801,686,2300,2456.6666666666665,-15.44,4.25,-8.78,Stable,0.93,19599,5446,0.951,0,Sat May 16 20:32:36 EET 2026
189,20150901,667,2690,2476.6666666666665,5.08,3.54,-2.77,Stable,0.7,34523,3583,0.906,0,Sat May 16 20:32:36 EET 2026
190,20151001,592,2650,2568.3333333333335,-8.3,4.31,-11.24,Stable,0.84,27343,3000,0.922,0,Sat May 16 20:32:36 EET 2026
191,20151101,558,2330,2491.6666666666665,9.91,4.29,-5.74,Stable,1.18,27160,5459,0.923,0,Sat May 16 20:32:36 EET 2026
192,20151201,728,3410,2693.3333333333335,43.88,3.93,30.47,Stable,1.06,18616,5484,0.881,0,Sat May 16 20:32:36 EET 2026
193,20160101,681,3280,2776.6666666666665,27.13,4.11,-6.46,Stable,0.94,19141,6265,0.889,0,Sat May 16 20:32:36 EET 2026
194,20160201,776,2290,2775.0,-16.12,4.12,13.95,Stable,0.74,40303,5545,0.904,0,Sat May 16 20:32:36 EET 2026
195,20160301,756,2550,2751.6666666666665,-0.78,3.89,-2.58,Stable,1.01,32330,3000,0.901,0,Sat May 16 20:32:36 EET 2026
196,20160401,818,2340,2700.0,11.43,4.47,8.2,Stable,0.55,34965,6335,0.93,0,Sat May 16 20:32:36 EET 2026
197,20160501,845,2230,2683.3333333333335,-20.07,4.01,3.3,Stable,0.84,27916,5689,0.921,0,Sat May 16 20:32:36 EET 2026
198,20160601,929,2970,2610.0,35.0,3.2,9.94,Stable,0.51,22460,4536,0.903,0,Sat May 16 20:32:36 EET 2026
199,20160701,943,2360,2456.6666666666665,-15.11,4.14,1.51,Stable,1.14,17673,3724,0.902,0,Sat May 16 20:32:36 EET 2026
200,20160801,925,2180,2438.3333333333335,-5.22,4.68,-1.91,Stable,0.97,29821,4508,0.888,0,Sat May 16 20:32:36 EET 2026
201,20160901,993,2550,2438.3333333333335,-5.2,3.97,7.35,Stable,1.01,21066,3870,0.914,0,Sat May 16 20:32:36 EET 2026
202,20161001,988,2640,2488.3333333333335,-0.38,4.21,-0.5,Stable,0.59,21649,8367,0.932,0,Sat May 16 20:32:36 EET 2026
203,20161101,1058,2430,2521.6666666666665,4.29,4.84,7.09,Stable,0.93,32963,6353,0.907,0,Sat May 16 20:32:36 EET 2026
204,20161201,988,2760,2486.6666666666665,-19.06,4.53,-6.62,Stable,1.11,26450,3341,0.923,0,Sat May 16 20:32:36 EET 2026
205,20170101,1066,2860,2570.0,-12.8,3.97,7.89,Stable,0.6,17568,8527,0.908,0,Sat May 16 20:32:36 EET 2026
206,20170201,1045,2540,2630.0,10.92,3.2,-1.97,Stable,0.67,15021,16483,0.916,0,Sat May 16 20:32:36 EET 2026
207,20170301,989,3070,2716.6666666666665,20.39,4.02,-5.36,Stressed,1.26,27320,21303,0.892,0,Sat May 16 20:32:36 EET 2026
208,20170401,1062,2580,2706.6666666666665,10.26,4.24,7.38,Stable,1.19,24158,10419,0.906,0,Sat May 16 20:32:36 EET 2026
209,20170501,1291,2700,2751.6666666666665,21.08,4.7,21.56,Stable,0.84,27858,15851,0.889,0,Sat May 16 20:32:36 EET 2026
210,20170601,1182,2950,2783.3333333333335,-0.67,4.09,-8.44,Stable,0.68,14708,6558,0.866,0,Sat May 16 20:32:36 EET 2026
211,20170701,1183,3000,2806.6666666666665,27.12,4.07,0.08,Stable,0.94,8000,11236,0.942,0,Sat May 16 20:32:36 EET 2026
212,20170801,1100,2580,2813.3333333333335,18.35,4.68,-7.02,Stable,0.97,28599,14253,0.915,0,Sat May 16 20:32:36 EET 2026
213,20170901,1284,2480,2715.0,-2.75,4.38,16.73,Stable,0.96,14015,13313,0.898,0,Sat May 16 20:32:36 EET 2026
214,20171001,1248,2530,2706.6666666666665,-4.17,3.76,-2.8,Stable,0.94,22171,7584,0.886,0,Sat May 16 20:32:36 EET 2026
215,20171101,1331,2400,2656.6666666666665,-1.23,3.91,6.65,Stable,0.94,20003,17300,0.908,0,Sat May 16 20:32:36 EET 2026
216,20171201,1339,2190,2530.0,-20.65,4.09,0.6,Stable,0.87,40980,12529,0.927,0,Sat May 16 20:32:36 EET 2026
217,20180101,1398,2210,2398.3333333333335,-22.73,3.59,4.41,Stable,1.09,26682,9140,0.909,0,Sat May 16 20:32:36 EET 2026
218,20180201,1202,2390,2366.6666666666665,-5.91,3.3,-14.02,Stable,0.72,23126,11246,0.934,0,Sat May 16 20:32:36 EET 2026
219,20180301,1478,2670,2398.3333333333335,-13.03,3.47,22.96,Stable,0.96,29938,14221,0.926,0,Sat May 16 20:32:36 EET 2026
220,20180401,1305,3320,2530.0,28.68,3.81,-11.71,Stable,0.83,30993,5250,0.924,0,Sat May 16 20:32:36 EET 2026
221,20180501,1403,2960,2623.3333333333335,9.63,4.2,7.51,Stable,0.95,24160,17455,0.865,0,Sat May 16 20:32:36 EET 2026
222,20180601,1382,2880,2738.3333333333335,-2.37,4.26,-1.5,Stable,0.87,12463,9102,0.895,0,Sat May 16 20:32:36 EET 2026
223,20180701,1358,2560,2796.6666666666665,-14.67,3.9,-1.74,Stable,0.87,31172,15236,0.901,0,Sat May 16 20:32:36 EET 2026
224,20180801,1513,2520,2818.3333333333335,-2.33,3.77,11.41,Stable,0.67,17478,9460,0.913,0,Sat May 16 20:32:36 EET 2026
225,20180901,1593,2340,2763.3333333333335,-5.65,4.15,5.29,Stable,0.91,23240,13366,0.884,0,Sat May 16 20:32:36 EET 2026
226,20181001,1437,2750,2668.3333333333335,8.7,4.5,-9.79,Stressed,1.23,8000,13382,0.902,0,Sat May 16 20:32:36 EET 2026
227,20181101,1628,2560,2601.6666666666665,6.67,4.11,13.29,Stable,1.14,12032,3000,0.889,0,Sat May 16 20:32:36 EET 2026
228,20181201,1557,2390,2520.0,9.13,3.71,-4.36,Stable,0.96,23609,9081,0.921,0,Sat May 16 20:32:36 EET 2026
229,20190101,1657,2820,2563.3333333333335,27.6,4.71,6.42,Stressed,1.27,16459,11780,0.929,0,Sat May 16 20:32:36 EET 2026
230,20190201,1515,2670,2588.3333333333335,11.72,4.64,-8.57,Stable,0.96,29064,12781,0.899,0,Sat May 16 20:32:36 EET 2026
231,20190301,1704,2690,2646.6666666666665,0.75,4.15,12.48,Stable,1.09,25628,9287,0.964,0,Sat May 16 20:32:36 EET 2026
232,20190401,1528,2860,2665.0,-13.86,3.92,-10.33,Stable,1.13,29619,12186,0.926,0,Sat May 16 20:32:36 EET 2026
233,20190501,1745,3100,2755.0,4.73,3.46,14.2,Stressed,1.21,37723,13500,0.874,0,Sat May 16 20:32:36 EET 2026
234,20190601,1665,2820,2826.6666666666665,-2.08,4.17,-4.58,Stable,0.65,27264,16338,0.923,0,Sat May 16 20:32:36 EET 2026
235,20190701,1776,2720,2810.0,6.25,3.72,6.67,Stable,1.09,29024,3000,0.876,0,Sat May 16 20:32:36 EET 2026
236,20190801,1806,2750,2823.3333333333335,9.13,4.59,1.69,Stable,0.94,23570,9223,0.93,0,Sat May 16 20:32:36 EET 2026
237,20190901,1885,2680,2821.6666666666665,14.53,4.11,4.37,Stable,0.65,12462,13553,0.921,0,Sat May 16 20:32:36 EET 2026
238,20191001,1864,3540,2935.0,28.73,3.84,-1.11,Stressed,1.36,24178,19193,0.875,0,Sat May 16 20:32:36 EET 2026
239,20191101,1900,2800,2885.0,9.38,4.29,1.93,Stable,0.72,19410,11642,0.907,0,Sat May 16 20:32:36 EET 2026
240,20191201,1233,2440,2821.6666666666665,2.09,4.39,-35.11,Stable,0.77,32908,13458,0.906,0,Sat May 16 20:32:36 EET 2026
241,20200101,1325,2630,2806.6666666666665,-6.74,5.03,7.46,Stable,1.13,34827,9441,0.897,0,Sat May 16 20:32:36 EET 2026
242,20200201,1725,3290,2896.6666666666665,23.22,5.9,30.19,Stable,0.95,20721,5709,0.884,0,Sat May 16 20:32:36 EET 2026
243,20200301,1809,3910,3101.6666666666665,45.35,5.54,4.87,Stressed,1.35,43996,5049,0.859,0,Sat May 16 20:32:36 EET 2026
244,20200401,2136,4230,3216.6666666666665,47.9,4.98,18.08,Stressed,1.27,26894,19611,0.881,0,Sat May 16 20:32:36 EET 2026
245,20200501,2605,4510,3501.6666666666665,45.48,5.97,21.96,Stressed,1.52,8000,14563,0.85,0,Sat May 16 20:32:36 EET 2026
246,20200601,2721,4720,3881.6666666666665,67.38,6.23,4.45,Stressed,1.82,29850,6646,0.838,0,Sat May 16 20:32:36 EET 2026
247,20200701,2835,6570,4538.333333333333,141.54,7.39,4.19,Stressed,1.92,25780,8237,0.83,0,Sat May 16 20:32:36 EET 2026
248,20200801,3207,5780,4953.333333333333,110.18,6.98,13.12,Stressed,1.8,23284,6232,0.863,0,Sat May 16 20:32:36 EET 2026
249,20200901,3178,6130,5323.333333333333,128.73,6.79,-0.9,Stressed,2.24,25890,10445,0.847,0,Sat May 16 20:32:36 EET 2026
250,20201001,3420,7130,5806.666666666667,101.41,7.05,7.61,Stressed,2.06,20384,13255,0.835,0,Sat May 16 20:32:36 EET 2026
251,20201101,3771,6660,6165.0,137.86,7.35,10.26,Stressed,2.27,20474,16396,0.861,0,Sat May 16 20:32:36 EET 2026
252,20201201,4812,6770,6506.666666666667,177.46,8.05,27.61,Stressed,2.21,15590,8889,0.804,0,Sat May 16 20:32:36 EET 2026
253,20210101,3826,7720,6698.333333333333,193.54,7.11,-20.49,Crisis,2.87,31737,8328,0.797,0,Sat May 16 20:32:36 EET 2026
254,20210201,3967,7170,6930.0,117.93,8.79,3.69,Stressed,2.1,33956,13187,0.821,0,Sat May 16 20:32:36 EET 2026
255,20210301,3576,9840,7548.333333333333,151.66,8.0,-9.86,Crisis,2.51,25763,3000,0.777,0,Sat May 16 20:32:36 EET 2026
256,20210401,3979,9870,8005.0,133.33,6.46,11.27,Stressed,2.29,27412,16062,0.762,0,Sat May 16 20:32:36 EET 2026
257,20210501,3634,8900,8378.333333333334,97.34,6.18,-8.67,Stressed,2.37,22394,10690,0.771,0,Sat May 16 20:32:36 EET 2026
258,20210601,3360,9460,8826.666666666666,100.42,7.25,-7.54,Crisis,2.57,22564,10361,0.732,0,Sat May 16 20:32:36 EET 2026
259,20210701,3422,9830,9178.333333333334,49.62,6.86,1.85,Stressed,2.2,32685,4188,0.769,0,Sat May 16 20:32:36 EET 2026
260,20210801,3199,10340,9706.666666666666,78.89,6.42,-6.52,Crisis,2.71,30314,15730,0.748,0,Sat May 16 20:32:36 EET 2026
261,20210901,2710,11340,9956.666666666666,84.99,7.17,-15.29,Crisis,2.92,30156,8481,0.75,0,Sat May 16 20:32:36 EET 2026
262,20211001,3239,9920,9965.0,39.13,6.22,19.52,Stressed,2.31,30978,12229,0.77,0,Sat May 16 20:32:36 EET 2026
263,20211101,2925,11270,10360.0,69.22,6.28,-9.69,Crisis,2.55,22930,17913,0.723,0,Sat May 16 20:32:36 EET 2026
264,20211201,2702,12560,10876.666666666666,85.52,5.32,-7.62,Crisis,2.84,14517,3849,0.687,0,Sat May 16 20:32:36 EET 2026
265,20220101,2557,11570,11166.666666666666,49.87,5.54,-5.37,Crisis,2.81,67125,10802,0.738,0,Sat May 16 20:32:36 EET 2026
266,20220201,2430,10000,11110.0,39.47,6.16,-4.97,Crisis,2.58,70367,6412,0.738,0,Sat May 16 20:32:36 EET 2026
267,20220301,2667,10520,10973.333333333334,6.91,5.63,9.75,Crisis,2.66,65644,11163,0.742,0,Sat May 16 20:32:36 EET 2026
268,20220401,2400,9640,10926.666666666666,-2.33,5.1,-10.01,Stressed,2.09,50176,7222,0.731,0,Sat May 16 20:32:36 EET 2026
269,20220501,2386,9790,10680.0,10.0,5.79,-0.58,Crisis,2.66,29978,14899,0.755,0,Sat May 16 20:32:36 EET 2026
270,20220601,2213,6140,9610.0,-35.1,5.11,-7.25,Stressed,1.38,41228,12798,0.848,0,Sat May 16 20:32:36 EET 2026
271,20220701,2251,6320,8735.0,-35.71,4.41,1.72,Stressed,1.55,19379,10934,0.803,0,Sat May 16 20:32:36 EET 2026
272,20220801,2089,5900,8051.666666666667,-42.94,4.28,-7.2,Stressed,1.69,51408,16285,0.839,0,Sat May 16 20:32:36 EET 2026
273,20220901,2024,4900,7115.0,-56.79,4.51,-3.11,Stressed,1.5,65446,10120,0.846,0,Sat May 16 20:32:36 EET 2026
274,20221001,1925,5110,6360.0,-48.49,3.43,-4.89,Stressed,1.23,80000,3000,0.878,0,Sat May 16 20:32:36 EET 2026
275,20221101,1750,3600,5328.333333333333,-68.06,3.82,-9.09,Stressed,1.34,80000,4313,0.887,0,Sat May 16 20:32:36 EET 2026
276,20221201,1583,3300,4855.0,-73.73,3.69,-9.54,Stable,0.69,79824,14929,0.886,0,Sat May 16 20:32:36 EET 2026
277,20230101,1630,3890,4450.0,-66.38,3.44,2.97,Stable,0.88,37833,11866,0.869,0,Sat May 16 20:32:36 EET 2026
278,20230201,1652,2930,3955.0,-70.7,3.69,1.35,Stable,0.9,15176,3278,0.865,0,Sat May 16 20:32:36 EET 2026
279,20230301,1673,2970,3633.3333333333335,-71.77,3.26,1.27,Stable,1.0,41007,12225,0.865,0,Sat May 16 20:32:36 EET 2026
280,20230401,1699,3240,3321.6666666666665,-66.39,3.07,1.55,Stable,0.93,32264,7189,0.884,0,Sat May 16 20:32:36 EET 2026
281,20230501,1801,2890,3203.3333333333335,-70.48,3.1,6.0,Stable,1.04,23110,9062,0.907,0,Sat May 16 20:32:36 EET 2026
282,20230601,1790,2870,3131.6666666666665,-53.26,3.2,-0.61,Stable,0.97,23113,10773,0.936,0,Sat May 16 20:32:36 EET 2026
283,20230701,1676,3150,3008.3333333333335,-50.16,2.44,-6.37,Stable,1.01,26738,18300,0.9,0,Sat May 16 20:32:36 EET 2026
284,20230801,1773,2840,2993.3333333333335,-51.86,2.61,5.79,Stable,0.93,18712,10840,0.888,0,Sat May 16 20:32:36 EET 2026
285,20230901,1763,2400,2898.3333333333335,-51.02,2.58,-0.56,Stable,1.0,29362,12926,0.914,0,Sat May 16 20:32:36 EET 2026
286,20231001,1911,2750,2816.6666666666665,-46.18,2.32,8.39,Stable,0.77,20753,20856,0.892,0,Sat May 16 20:32:36 EET 2026
287,20231101,1933,2650,2776.6666666666665,-26.39,2.0,1.15,Stable,0.6,33981,11623,0.931,0,Sat May 16 20:32:36 EET 2026
288,20231201,1973,2200,2665.0,-33.33,4.61,2.07,Stressed,1.29,30270,11959,0.919,0,Sat May 16 20:32:36 EET 2026
289,20240101,1913,2500,2556.6666666666665,-35.73,4.22,-3.04,Stable,0.82,28812,12058,0.913,0,Sat May 16 20:32:36 EET 2026
290,20240201,1925,2480,2496.6666666666665,-15.36,3.6,0.63,Stable,0.97,29521,3000,0.901,0,Sat May 16 20:32:36 EET 2026
291,20240301,2109,2860,2573.3333333333335,-3.7,4.3,9.56,Stressed,1.22,21824,12454,0.894,0,Sat May 16 20:32:36 EET 2026
292,20240401,2088,2870,2593.3333333333335,-11.42,4.2,-1.0,Stressed,1.44,32381,14640,0.887,0,Sat May 16 20:32:36 EET 2026
293,20240501,1826,3020,2655.0,4.5,4.35,-12.55,Stable,0.84,28983,12409,0.915,0,Sat May 16 20:32:36 EET 2026
294,20240601,1858,3930,2943.3333333333335,36.93,5.22,1.75,Stressed,1.2,27931,14332,0.845,0,Sat May 16 20:32:36 EET 2026
295,20240701,1945,3290,3075.0,4.44,3.72,4.68,Stable,1.15,38778,13091,0.888,0,Sat May 16 20:32:36 EET 2026
296,20240801,2012,4220,3365.0,48.59,4.19,3.44,Stressed,1.21,29245,11215,0.847,0,Sat May 16 20:32:36 EET 2026
297,20240901,1821,3900,3538.3333333333335,62.5,4.24,-9.49,Stressed,1.22,14710,11862,0.839,0,Sat May 16 20:32:36 EET 2026
298,20241001,1956,4340,3783.3333333333335,57.82,4.38,7.41,Stressed,1.51,15770,12633,0.889,0,Sat May 16 20:32:36 EET 2026
299,20241101,2071,4140,3970.0,56.23,4.07,5.88,Stressed,1.38,28742,12780,0.88,0,Sat May 16 20:32:36 EET 2026
300,20241201,2206,4540,4071.6666666666665,106.36,4.58,6.52,Stable,1.02,31966,8781,0.9,0,Sat May 16 20:32:36 EET 2026
